Category: All categories
"Accenture: (8/1/21 - 6/1/22, Worldwide)"

TOP
accenture,100
what,7
アクセンチュア,6
how,6
accenture salary,6
what is accenture,5
which,5
accenture company,5
accenture jobs,4
accenture careers,4
accenture india,4
accenture share,4
accenture share price,3
accenture login,2
accenture technology,2
accenture meaning,2
accenture portal,2
accenture stock,2
accenture address,2
accenture bangalore,2
accenture consulting,2
tcs,2
why accenture,1
accenture interview questions,1
accenture strategy,1

RISING
how do technologies such as virtual machines and containers help improve operational efficiency?,Breakout
where do most of a software-focused company's carbon emissions typically come from?,Breakout
what does accenture mean by sustainability will be the new digital?,Breakout
what is accenture's most important advantage when it comes to 5g and edge computing?,Breakout
how can features of blockchain support sustainability efforts?,Breakout
what is one of the biggest challenges when companies are committed to sustainability?,Breakout
what is an example of new technology having a positive impact on sustainability?,Breakout
what is a defining feature of the metaverse?,Breakout
how can the geographic location of data centers be beneficial for a company that is concerned about sustainability?,Breakout
what is a key feature of mixed reality?,Breakout
what is an example of new technology having a negative impact on sustainability?,Breakout
what is an important conclusion of climate prediction models?,Breakout
what is a recent trend relating to sustainability worldwide?,Breakout
"as part of its commitment to sustainability, a company is looking for a way to track the source of purchased goods and how they were made, in order to understand the environmental impact. what is the primary technology that would enable the company to achieve this goal?",Breakout
what does the frame rate of a virtual reality headset indicate?,Breakout
"in addition to environmental issues, what does true sustainability address?",Breakout
a mobile phone app asks the user to point the phone's camera at a room and then applies the phone's lidar scanning function. what does this technology do?,Breakout
what are the most important benefits of using virtual reality in business training?,Breakout
what is the objective of accenture's e-stewards program?,Breakout
how does the accenture mynav green cloud advisor integrate sustainability when transitioning client data centers to the cloud?,Breakout
how can edge computing be used to improve sustainability?,Breakout
"in addition to compliance requirements, why does accenture focus on data reporting when working with clients on sustainability?",Breakout
"over the last decade, the overall energy consumption of cloud data centers worldwide has remained relatively the same. why is this so?",Breakout
"a customer purchases a new phone from an online store. although the customer did not create the phone themselves, there are still carbon emissions that result from producing the phone in a factory and shipping it overseas to the customer. which type of emissions are described in this example?",Breakout
what advantage does virtual reality provide when compared to conventional meetings using applications such as microsoft teams or zoom?,Breakout

